Survey Year,C04-Sex,C05-Age as of Last Birthday,C11-Work Indicator,C12-Job Indicator,C14-Primary Occupation,C16-Kind of Business (Primary Occupation),C23-Class of Worker (Primary Occupation)
19,1,15,2,2,,,
19,1,9,2,2,,,
19,2,70,2,2,,,
19,1,32,1,1,93,41,1
19,2,46,1,1,23,84,2
19,1,5,2,2,,,
19,2,86,2,2,,,
19,1,2,2,1,,,
19,1,38,1,1,83,84,2
19,1,25,1,1,92,1,6
19,2,9,2,2,,,
19,2,35,2,2,,,
19,1,16,2,2,,,
19,1,16,2,2,,,
19,2,52,2,2,,,
19,1,15,2,2,,,
19,2,10,2,2,,,
19,1,4,2,1,,,
19,1,11,2,2,,,
19,1,63,2,2,,,
19,2,19,1,1,52,56,1
19,2,40,1,1,14,47,3
19,1,25,1,1,93,11,1
19,2,6,2,2,,,
19,1,17,2,2,,,
19,2,78,2,2,,,
19,1,24,2,2,,,
19,1,4,2,1,,,
19,2,1,2,1,,,
19,2,21,1,1,23,85,1
19,2,1,2,1,,,
19,1,38,1,1,92,1,1
19,1,13,2,2,,,
19,2,12,2,2,,,
19,1,67,1,1,81,10,1
19,2,38,2,1,,,
19,2,5,2,2,,,
19,2,17,2,2,,,
19,1,75,1,1,14,47,3
19,1,57,1,1,93,41,1
19,1,45,1,1,92,1,1
19,2,19,1,1,52,56,1
19,2,41,1,1,95,47,3
19,2,26,1,1,52,47,1
19,2,15,2,2,,,
19,1,13,2,2,,,
19,1,11,2,2,,,
19,2,8,2,2,,,
19,2,68,2,2,,,
19,2,68,2,2,,,
19,2,67,2,2,,,
19,2,73,1,1,32,86,2
19,1,0,2,1,,,
19,2,51,1,1,91,96,0
19,2,23,2,2,,,
19,1,0,2,1,,,
19,1,23,1,1,32,47,1
19,2,63,2,1,61,1,3
19,2,30,2,2,,,
19,1,36,1,1,13,49,3
19,2,27,1,1,52,47,3
19,2,42,1,1,14,47,3
19,1,25,1,1,92,1,6
19,2,25,2,2,,,
19,2,15,2,2,,,
19,2,9,2,2,,,
19,1,49,1,1,61,1,3
19,1,31,2,2,,,
19,2,45,1,1,81,10,1
19,2,52,1,1,95,47,3
19,2,27,1,1,14,47,3
19,2,25,2,2,,,
19,2,56,1,1,22,84,2
19,1,38,1,1,92,1,1
19,2,26,1,1,52,47,1
19,2,6,2,2,,,
19,1,8,2,2,,,
19,2,16,2,2,,,
19,1,31,1,1,92,1,1
19,1,30,1,1,91,81,1
19,2,39,1,1,32,84,2
19,1,11,2,2,,,
19,1,42,1,1,93,41,1
19,2,24,1,1,23,85,1
19,2,76,2,2,,,
19,2,5,2,2,,,
19,1,10,2,2,,,
19,2,20,2,2,,,
19,1,32,1,1,91,96,0
19,1,1,2,1,,,
19,2,33,1,1,32,47,1
19,1,63,2,2,,,
19,2,15,2,2,,,
19,1,48,1,1,91,84,2
19,1,17,2,2,,,
19,1,37,1,1,61,1,3
19,1,28,1,1,71,41,1
19,1,54,1,1,61,1,3
19,1,23,1,1,94,56,1
19,1,72,2,2,,,
19,2,4,2,1,,,
19,1,37,1,1,13,49,3
19,2,26,2,1,,,
19,2,8,2,2,,,
19,2,0,2,1,,,
19,1,26,1,1,92,1,1
19,1,52,1,1,91,81,1
19,2,47,2,2,,,
19,1,26,1,1,13,49,3
19,2,2,2,1,,,
19,1,30,1,1,51,96,1
19,1,7,2,2,,,
19,2,12,2,2,,,
19,2,18,1,1,14,47,3
19,1,15,2,2,,,
19,1,56,1,1,83,42,1
19,1,14,2,2,,,
19,1,51,1,1,61,1,3
19,1,28,1,1,83,49,1
19,2,5,2,2,,,
19,2,44,1,1,61,1,4
19,2,23,1,1,52,47,1
19,2,9,2,2,,,
19,2,10,2,2,,,
19,1,15,2,2,,,
19,2,56,2,2,,,
19,1,14,2,2,,,
19,1,10,2,2,,,
19,2,78,2,2,,,
19,1,21,2,2,,,
19,2,34,2,1,,,
19,1,26,1,1,61,1,3
19,2,14,2,2,,,
19,1,35,1,1,54,84,2
19,2,38,1,1,42,82,1
19,2,20,2,2,,,
19,2,16,2,2,,,
19,2,7,2,2,,,
19,1,6,2,2,,,
19,2,60,2,2,,,
19,1,39,1,1,33,84,2
19,1,39,1,1,93,41,1
19,2,35,1,1,52,47,3
19,1,2,2,1,,,
19,2,31,1,1,14,47,3
19,1,61,2,2,,,
19,2,17,2,2,,,
19,1,15,2,2,,,
19,1,35,2,1,,,
19,1,1,2,1,,,
19,1,20,2,2,,,
19,2,30,2,2,,,
19,1,2,2,1,,,
19,1,31,2,1,,,
19,1,59,1,1,42,79,1
19,2,15,2,2,,,
19,1,14,2,2,,,
19,1,45,1,1,13,49,3
19,1,54,2,2,,,
19,2,17,2,2,,,
19,2,65,2,2,,,
19,1,10,2,2,,,
19,2,16,2,2,,,
19,2,39,2,2,,,
19,2,46,2,1,,,
19,1,45,1,1,96,93,1
19,1,3,2,1,,,
19,1,7,2,2,,,
19,2,59,1,1,92,1,1
19,2,27,2,2,,,
19,1,40,1,1,74,43,1
19,2,1,2,1,,,
19,2,11,2,2,,,
19,1,25,1,1,93,41,1
19,2,12,2,2,,,
19,2,5,2,2,,,
19,2,34,1,1,41,63,1
19,1,12,2,2,,,
19,1,1,2,1,,,
19,1,4,2,1,,,
19,2,61,2,2,,,
19,1,44,1,1,21,84,2
19,2,8,2,2,,,
19,2,14,2,2,,,
19,2,10,2,2,,,
19,2,36,1,1,14,47,3
19,1,21,2,2,,,
19,2,0,2,1,,,
19,2,13,2,2,,,
19,2,75,2,2,,,
19,1,2,2,1,,,
19,2,31,2,2,,,
19,2,8,2,2,,,
19,1,17,2,2,,,
19,1,13,2,2,,,
19,2,40,1,1,92,1,1
19,1,71,1,1,61,1,4
19,2,7,2,2,,,
19,1,42,1,1,54,80,1
19,1,17,2,2,,,
2020,2,47,1,1,91,96,0
2020,1,58,1,1,61,1,4
2020,1,16,2,2,,,
2020,2,0,2,1,,,
2020,2,51,1,1,52,47,1
2020,2,13,2,2,,,
2020,2,88,2,2,,,
2020,2,54,1,1,52,47,3
2020,1,27,1,1,23,84,2
2020,1,37,1,1,13,49,3
2020,1,38,1,1,13,61,3
2020,2,23,2,2,,,
2020,2,0,2,1,,,
2020,2,39,1,1,43,13,1
2020,1,6,2,2,,,
2020,2,16,2,2,,,
2020,1,3,2,1,,,
2020,1,43,1,1,26,94,1
2020,2,38,2,1,,,
2020,2,15,2,2,,,
2020,1,13,2,2,,,
2020,1,58,1,1,92,1,1
2020,1,51,1,1,83,42,1
2020,2,35,1,1,51,96,3
2020,1,4,2,1,,,
2020,1,1,2,1,,,
2020,2,2,2,1,,,
2020,1,20,1,1,51,56,1
2020,1,30,1,1,35,61,1
2020,1,17,2,2,,,
2020,1,5,2,2,,,
2020,1,9,2,2,,,
2020,1,11,2,2,,,
2020,1,28,1,1,71,41,1
2020,2,0,2,1,,,
2020,2,50,1,1,13,10,3
2020,2,20,2,2,,,
2020,2,4,2,1,,,
2020,1,20,1,1,92,1,1
2020,2,22,2,2,,,
2020,2,29,1,1,92,1,6
2020,2,45,2,2,,,
2020,2,3,2,1,,,
2020,2,52,2,2,,,
2020,2,2,2,1,,,
2020,2,36,1,1,61,1,3
2020,1,44,2,2,,,
2020,2,34,1,1,34,84,2
2020,2,37,1,1,51,55,1
2020,1,20,1,1,52,47,6
2020,1,1,2,1,,,
2020,1,8,2,2,,,
2020,2,76,2,2,,,
2020,1,18,2,2,,,
2020,2,31,2,1,,,
2020,2,66,1,1,52,47,3
2020,2,15,2,2,,,
2020,2,51,1,1,12,30,1
2020,1,0,2,1,,,
2020,2,54,1,1,53,84,2
2020,2,46,1,1,52,47,3
2020,2,65,2,2,,,
2020,2,14,2,2,,,
2020,2,7,2,2,,,
2020,2,36,1,1,93,20,1
2020,1,47,1,1,71,41,1
2020,2,42,1,1,52,47,3
2020,2,15,2,2,,,
2020,1,30,1,1,24,61,1
2020,2,49,2,2,,,
2020,1,5,2,2,,,
2020,1,17,2,2,,,
2020,1,11,2,2,,,
2020,2,95,1,1,61,1,4
2020,1,38,1,1,23,85,2
2020,1,4,2,1,,,
2020,1,34,1,1,33,41,1
2020,1,44,1,1,62,3,3
2020,2,73,1,1,93,47,1
2020,2,84,2,2,,,
2020,1,44,2,2,,,
2020,2,57,2,2,,,
2020,2,67,1,1,11,84,2
2020,1,62,1,1,93,42,1
2020,1,17,2,2,,,
2020,1,40,1,1,54,84,2
2020,1,22,1,1,11,84,2
2020,2,0,2,1,,,
2020,1,29,2,2,,,
2020,1,12,2,2,,,
2020,2,0,2,1,,,
2020,1,13,2,2,,,
2020,2,15,2,2,,,
2020,1,3,2,1,,,
2020,1,32,1,1,71,41,1
2020,2,28,2,2,,,
2020,1,20,2,2,,,
2020,1,29,2,1,,,
2020,1,48,1,1,31,50,1
2020,2,90,2,2,,,
2020,2,20,2,2,,,
2020,1,33,1,1,92,1,1
2020,1,20,2,2,,,
2020,2,88,2,2,,,
2020,2,39,1,1,52,47,3
2020,2,5,2,2,,,
2020,2,85,2,2,,,
2020,2,45,1,1,61,1,3
2020,2,44,1,1,52,10,1
2020,1,3,2,1,,,
2020,1,15,2,2,,,
2020,1,41,1,1,13,49,3
2020,1,27,1,1,92,1,1
2020,1,22,1,1,23,85,2
2020,1,41,1,1,52,46,1
2020,1,7,2,2,,,
2020,1,4,2,1,,,
2020,2,79,2,2,,,
2020,2,7,2,2,,,
2020,1,7,2,2,,,
2020,1,54,2,1,,,
2020,1,20,1,1,32,11,1
2020,2,15,2,2,,,
2020,2,72,2,2,,,
2020,2,18,2,2,,,
2020,2,23,1,1,51,56,1
2020,1,38,1,1,92,1,1
2020,2,64,2,2,,,
2020,2,55,1,1,52,47,3
2020,1,70,2,2,,,
2020,1,35,1,1,61,1,3
2020,1,62,1,1,13,10,4
2020,2,73,2,2,,,
2020,2,7,2,2,,,
2020,1,12,2,2,,,
2020,2,68,1,1,91,86,2
2020,1,60,2,2,,,
2020,2,64,2,2,,,
2020,1,44,1,1,61,1,3
2020,2,43,2,2,,,
2020,2,19,2,2,,,
2020,2,5,2,2,,,
2020,2,28,1,1,52,47,3
2020,1,13,2,2,,,
2020,2,50,2,2,,,
2020,1,10,2,2,,,
2020,1,35,1,1,71,41,1
2020,1,36,1,1,93,10,1
2020,2,9,2,2,,,
2020,2,54,2,2,,,
2020,2,17,2,2,,,
2020,2,74,2,2,,,
2020,2,8,2,2,,,
2020,2,8,2,2,,,
2020,1,59,1,1,83,49,3
2020,2,50,1,1,11,84,2
2020,1,59,1,1,13,10,4
2020,2,31,2,2,,,
2020,1,7,2,2,,,
2020,2,41,2,1,,,
2020,2,10,2,2,,,
2020,1,23,2,2,,,
2020,1,20,2,2,,,
2020,1,66,1,1,61,1,3
2020,2,65,1,1,53,84,2
2020,2,10,2,2,,,
2020,1,3,2,1,,,
2020,1,20,2,2,,,
2020,1,49,1,1,22,86,1
2020,2,11,2,2,,,
2020,2,69,1,1,52,47,3
2020,1,23,1,1,62,3,3
2020,2,9,2,2,,,
2020,2,9,2,2,,,
2020,2,15,2,2,,,
2020,1,19,2,2,,,
2020,2,12,2,2,,,
2020,1,17,2,2,,,
2020,1,59,1,1,61,1,3
2020,2,42,1,1,96,92,1
2020,1,21,1,1,83,41,1
2020,2,17,2,2,,,
2020,1,9,2,2,,,
2020,1,20,2,2,,,
2020,2,13,2,2,,,
2020,1,67,1,1,52,47,3
2020,2,41,1,1,82,26,1
2020,1,32,1,1,61,1,3
2020,1,27,1,1,93,32,1
2020,2,11,2,2,,,
2020,1,63,2,2,,,
2020,2,35,1,1,92,1,6
2020,1,50,1,1,92,1,1
2020,1,4,2,1,,,
2020,2,5,2,2,,,
2020,2,38,2,1,,,
2020,1,4,2,1,,,
2020,2,68,2,2,,,
2020,2,65,1,1,92,1,6
2020,2,16,2,2,,,
2021,1,42,1,1,83,49,1
2021,1,4,2,1,,,
2021,2,37,1,1,91,96,0
2021,2,63,7,2,,,
2021,1,21,7,2,,,
2021,2,39,7,2,,,
2021,2,37,7,2,,,
2021,2,40,1,1,52,47,3
2021,2,68,7,2,,,
2021,1,18,7,2,,,
2021,2,71,7,2,,,
2021,2,16,7,2,,,
2021,2,80,7,2,,,
2021,2,21,7,2,,,
2021,1,9,7,2,,,
2021,1,1,2,1,,,
2021,2,18,7,2,,,
2021,1,14,7,2,,,
2021,1,14,7,2,,,
2021,1,39,1,1,61,1,3
2021,2,42,1,1,52,47,3
2021,2,61,7,2,,,
2021,2,18,7,2,,,
2021,2,29,7,2,,,
2021,1,9,7,2,,,
2021,1,25,1,1,92,1,6
2021,1,14,7,2,,,
2021,2,17,7,2,,,
2021,1,1,2,1,,,
2021,1,29,1,1,54,80,1
2021,1,15,7,2,,,
2021,1,13,7,2,,,
2021,1,14,7,2,,,
2021,2,9,7,2,,,
2021,2,24,1,1,83,50,1
2021,1,19,7,2,,,
2021,1,23,1,1,71,41,1
2021,1,76,1,1,61,1,3
2021,1,79,1,1,61,1,3
2021,1,39,1,1,91,64,1
2021,2,11,7,2,,,
2021,1,46,1,1,13,41,1
2021,1,26,7,2,,,
2021,1,12,7,2,,,
2021,1,20,1,1,71,95,1
2021,2,17,7,2,,,
2021,1,43,1,1,54,80,1
2021,1,6,7,2,,,
2021,1,4,2,1,,,
2021,2,31,7,2,,,
2021,1,0,2,1,,,
2021,1,35,1,1,61,1,3
2021,2,20,7,2,,,
2021,1,27,1,1,93,41,1
2021,1,10,7,2,,,
2021,2,58,7,2,,,
2021,1,19,7,2,,,
2021,2,6,7,2,,,
2021,1,13,7,2,,,
2021,1,30,1,1,93,41,1
2021,1,18,7,2,,,
2021,2,54,7,2,,,
2021,1,15,3,1,52,47,1
2021,2,11,7,2,,,
2021,2,77,7,2,,,
2021,2,63,7,2,,,
2021,2,81,7,2,,,
2021,2,7,7,2,,,
2021,1,16,7,2,,,
2021,2,40,7,2,,,
2021,1,61,1,1,61,1,3
2021,2,18,7,2,,,
2021,1,25,1,1,93,41,1
2021,2,31,1,1,14,47,3
2021,1,72,1,1,83,49,1
2021,1,58,1,1,83,49,3
2021,1,7,7,2,,,
2021,2,0,2,1,,,
2021,2,18,7,2,,,
2021,1,71,3,1,52,47,6
2021,2,12,7,2,,,
2021,2,28,7,2,,,
2021,1,51,1,1,83,49,3
2021,1,56,1,1,11,84,2
2021,2,8,7,2,,,
2021,1,1,2,1,,,
2021,1,7,7,2,,,
2021,2,15,7,2,,,
2021,1,57,1,1,54,80,1
2021,1,35,1,1,23,85,2
2021,2,20,7,2,,,
2021,1,51,1,1,61,1,3
2021,1,40,2,1,,,
2021,2,13,7,2,,,
2021,2,32,3,1,42,61,1
2021,1,7,7,2,,,
2021,2,54,1,1,22,86,1
2021,1,8,7,2,,,
2021,1,50,1,1,74,43,1
2021,1,20,7,2,,,
2021,2,12,7,2,,,
2021,1,53,1,1,72,24,1
2021,2,23,3,1,52,47,3
2021,1,30,1,1,92,2,1
2021,2,47,2,1,21,26,1
2021,1,25,7,2,,,
2021,2,20,7,2,,,
2021,1,38,1,1,71,41,1
2021,2,10,7,2,,,
2021,1,57,1,1,92,1,1
2021,1,31,1,1,51,56,1
2021,1,9,7,2,,,
2021,1,71,7,2,,,
2021,2,59,7,2,,,
2021,2,66,7,2,,,
2021,2,24,2,1,,,
2021,2,1,2,1,,,
2021,1,38,1,1,61,1,3
2021,2,8,7,2,,,
2021,2,72,7,2,,,
2021,1,12,7,2,,,
2021,1,4,2,1,,,
2021,1,9,7,2,,,
2021,1,6,7,2,,,
2021,1,12,7,2,,,
2021,2,57,7,2,,,
2021,1,5,7,2,,,
2021,1,11,7,2,,,
2021,2,61,7,2,,,
2021,1,9,7,2,,,
2021,2,24,3,1,75,13,1
2021,1,15,3,1,93,47,6
2021,2,8,7,2,,,
2021,1,53,1,1,92,1,1
2021,1,7,7,2,,,
2021,2,22,7,2,,,
2021,1,13,7,2,,,
2021,2,33,7,2,,,
2021,1,27,1,1,81,10,1
2021,2,77,7,2,,,
2021,2,41,7,2,,,
2021,2,21,7,2,,,
2021,1,5,7,2,,,
2021,2,39,1,1,41,82,1
2021,2,46,1,1,91,96,0
2021,2,0,2,1,,,
2021,2,61,3,1,91,96,0
2021,1,10,7,2,,,
2021,1,37,1,1,51,49,1
2021,1,22,1,1,71,41,1
2021,2,8,7,2,,,
2021,2,19,7,2,,,
2021,1,3,2,1,,,
2021,1,40,1,1,94,56,1
2021,1,32,1,1,62,3,3
2021,1,8,7,2,,,
2021,1,58,1,1,83,49,3
2021,1,17,7,2,,,
2021,2,19,1,1,92,1,6
2021,1,32,1,1,61,1,3
2021,1,6,7,2,,,
2021,1,2,2,1,,,
2021,1,23,1,1,92,1,5
2021,1,44,1,1,92,1,1
2021,1,38,1,1,52,47,3
2021,2,51,7,2,,,
2021,2,19,7,2,,,
2021,1,18,7,2,,,
2021,1,5,7,2,,,
2021,1,38,2,1,14,47,3
2021,1,22,7,2,,,
2021,2,57,1,1,52,47,3
2021,1,74,7,2,,,
2021,2,4,2,1,,,
2021,2,52,7,2,,,
2021,2,16,7,2,,,
2021,2,15,7,2,,,
2021,1,7,7,2,,,
2021,2,12,7,2,,,
2021,2,9,7,2,,,
2021,2,13,7,2,,,
2021,2,22,7,2,,,
2021,2,7,7,2,,,
2021,1,33,1,1,93,41,1
2021,2,62,7,3,,,
2021,2,3,2,1,,,
2021,1,45,1,1,61,1,3
2021,2,48,1,1,92,1,6
2021,1,37,1,1,71,41,1
2021,2,23,1,1,52,47,1
2021,1,18,7,2,,,
2021,1,16,1,1,92,1,6
2021,2,50,1,1,23,85,2
2021,2,10,7,2,,,
2021,1,21,7,2,,,
2021,2,21,7,2,,,
2021,1,9,7,2,,,
2021,2,42,1,1,91,96,0
2021,2,13,7,2,,,
2021,2,66,7,2,,,
2022,1,11,2,2,,,
2022,1,52,1,1,23,85,2
2022,1,18,2,2,,,
2022,2,24,1,1,23,85,2
2022,1,56,1,1,54,80,1
2022,2,30,2,2,,,
2022,2,51,1,1,94,56,6
2022,1,35,1,1,25,61,1
2022,2,26,2,2,,,
2022,2,2,2,1,,,
2022,1,16,2,2,,,
2022,1,39,1,1,91,35,1
2022,1,32,1,1,51,56,1
2022,1,41,1,1,83,52,1
2022,1,38,2,2,,,
2022,1,72,1,1,61,1,3
2022,1,23,1,1,92,1,1
2022,2,34,1,1,32,86,2
2022,1,30,1,1,83,49,3
2022,1,17,2,2,,,
2022,2,7,2,2,,,
2022,2,26,1,1,52,47,1
2022,2,85,2,2,,,
2022,2,10,2,2,,,
2022,1,22,1,1,61,1,3
2022,1,50,1,1,83,49,3
2022,2,46,2,1,,,
2022,2,14,2,2,,,
2022,2,42,2,3,,,
2022,1,23,1,1,83,8,1
2022,2,75,2,2,,,
2022,1,35,1,1,75,47,1
2022,2,58,1,1,52,47,3
2022,1,44,1,1,61,1,3
2022,1,41,1,1,71,41,1
2022,1,21,2,2,,,
2022,2,41,1,1,92,1,6
2022,2,11,2,2,,,
2022,1,27,1,1,92,1,6
2022,1,13,2,2,,,
2022,2,8,2,2,,,
2022,2,21,2,2,,,
2022,2,24,1,1,41,82,1
2022,2,18,2,2,,,
2022,1,54,1,1,71,45,1
2022,2,74,2,2,,,
2022,2,30,1,1,33,69,1
2022,1,50,1,1,83,49,3
2022,1,20,2,2,,,
2022,1,13,2,2,,,
2022,2,59,1,1,51,96,1
2022,2,58,2,2,,,
2022,1,58,2,2,,,
2022,2,32,2,2,,,
2022,2,40,2,2,,,
2022,2,21,2,2,,,
2022,2,64,1,1,96,84,2
2022,1,42,1,1,61,1,3
2022,1,42,1,1,14,47,3
2022,1,23,2,2,,,
2022,1,23,2,2,,,
2022,2,20,2,2,,,
2022,1,5,2,2,,,
2022,1,53,1,1,92,1,1
2022,2,12,2,2,,,
2022,1,24,1,1,91,84,2
2022,1,24,2,2,,,
2022,1,37,1,1,52,47,3
2022,2,45,1,1,52,47,1
2022,2,6,2,2,,,
2022,1,76,2,3,,,
2022,1,58,1,1,54,84,2
2022,2,13,2,2,,,
2022,1,20,1,1,93,47,6
2022,2,60,1,1,61,1,3
2022,2,24,2,2,,,
2022,2,27,2,2,,,
2022,1,29,1,1,81,45,3
2022,2,20,2,2,,,
2022,2,34,2,1,,,
2022,1,1,2,1,,,
2022,1,16,2,2,,,
2022,1,13,2,2,,,
2022,2,64,1,1,52,47,3
2022,1,11,2,2,,,
2022,2,48,1,1,22,86,2
2022,1,38,2,2,,,
2022,2,6,2,2,,,
2022,1,59,1,1,54,84,2
2022,1,28,1,1,31,41,1
2022,1,20,1,1,96,46,1
2022,1,52,1,1,11,84,2
2022,2,67,2,2,,,
2022,1,5,2,2,,,
2022,1,68,1,1,21,71,1
2022,1,65,2,2,,,
2022,1,17,2,2,,,
2022,2,51,1,1,61,1,3
2022,2,12,2,2,,,
2022,1,88,2,2,,,
2022,2,77,1,1,75,10,3
2022,1,26,1,1,82,27,1
2022,2,41,1,1,41,84,2
2022,1,8,2,2,,,
2022,1,15,2,2,,,
2022,2,39,2,3,,,
2022,2,65,1,1,14,47,3
2022,1,15,2,2,,,
2022,1,11,2,2,,,
2022,2,6,2,2,,,
2022,2,1,2,1,,,
2022,2,56,2,2,,,
2022,2,51,1,1,23,85,2
2022,2,64,2,2,,,
2022,1,19,2,2,,,
2022,1,10,2,2,,,
2022,1,63,1,1,83,49,3
2022,2,27,2,2,,,
2022,1,42,1,1,93,41,1
2022,2,43,2,2,,,
2022,2,11,2,2,,,
2022,1,31,1,1,61,1,3
2022,2,30,2,2,,,
2022,2,12,2,2,,,
2022,1,11,2,2,,,
2022,1,6,2,2,,,
2022,2,13,2,2,,,
2022,1,13,2,2,,,
2022,1,17,2,2,,,
2022,1,31,1,1,82,29,1
2022,1,53,1,1,13,52,1
2022,1,31,1,1,62,3,3
2022,1,2,2,1,,,
2022,1,22,1,1,93,41,1
2022,1,67,1,1,62,2,3
2022,1,44,2,2,,,
2022,2,37,1,1,52,47,3
2022,1,39,1,1,13,3,3
2022,1,47,2,3,,,
2022,1,32,1,1,52,47,1
2022,1,4,2,1,,,
2022,1,16,2,2,,,
2022,1,14,2,2,,,
2022,2,13,2,2,,,
2022,1,48,1,1,92,1,1
2022,1,7,2,2,,,
2022,1,13,2,2,,,
2022,2,31,1,1,52,47,3
2022,2,20,1,1,92,1,1
2022,1,60,1,1,61,1,4
2022,2,58,1,1,61,1,3
2022,2,30,2,2,,,
2022,2,13,2,2,,,
2022,1,11,2,2,,,
2022,2,33,1,1,61,1,3
2022,1,16,2,2,,,
2022,2,62,1,1,92,1,1
2022,1,17,1,1,43,47,1
2022,2,27,2,2,,,
2022,2,65,2,2,,,
2022,1,34,2,2,,,
2022,2,10,2,2,,,
2022,1,2,2,1,,,
2022,1,54,1,1,73,95,3
2022,1,28,1,1,96,53,1
2022,1,0,2,1,,,
2022,1,46,1,1,13,85,2
2022,1,23,2,3,,,
2022,1,67,1,1,93,49,3
2022,2,57,2,2,,,
2022,1,65,1,1,61,1,3
2022,1,10,2,2,,,
2022,1,15,2,2,,,
2022,1,12,2,2,,,
2022,1,71,1,1,61,1,3
2022,1,61,1,1,81,13,1
2022,1,22,2,2,,,
2022,1,39,1,1,83,49,1
2022,2,51,1,1,93,47,1
2022,1,6,2,2,,,
2022,2,16,2,2,,,
2022,2,11,2,2,,,
2022,1,60,1,1,13,49,3
2022,2,77,2,2,,,
2022,1,34,1,1,93,41,1
2022,1,22,2,2,,,
2022,1,66,1,1,93,41,1
2022,1,0,2,1,,,
2022,1,6,2,2,,,
2022,1,12,2,2,,,
2022,1,37,1,1,61,1,3
2022,2,31,1,1,94,56,1
2022,1,17,1,1,52,47,1
2022,2,36,1,1,22,86,1
2022,2,42,1,1,92,1,6
2022,2,22,2,2,,,
2022,2,57,2,2,,,
2022,1,17,1,1,81,17,1
2022,1,29,1,1,31,24,1
2022,2,55,1,1,32,86,2
2023,1,11,2,2,,,
2023,2,18,1,1,52,47,3
2023,2,31,1,1,43,10,5
2023,2,54,1,1,53,96,0
2023,1,13,2,2,,,
2023,2,67,1,1,61,1,3
2023,2,9,2,2,,,
2023,1,28,1,1,42,82,1
2023,1,26,1,1,71,41,1
2023,2,24,2,2,,,
2023,1,40,1,1,93,47,6
2023,2,11,2,2,,,
2023,2,33,1,1,23,85,2
2023,1,33,1,1,83,49,3
2023,2,59,2,2,,,
2023,2,44,2,2,,,
2023,2,9,2,2,,,
2023,2,49,2,2,,,
2023,2,84,2,2,,,
2023,2,57,2,2,,,
2023,1,39,1,1,42,82,1
2023,1,42,1,1,93,41,1
2023,1,12,1,1,92,1,
2023,1,6,2,2,,,
2023,2,19,2,2,,,
2023,2,13,2,2,,,
2023,2,15,2,2,,,
2023,2,23,2,2,,,
2023,1,10,2,2,,,
2023,1,14,2,2,,,
2023,2,24,1,1,41,46,1
2023,2,34,1,1,12,55,1
2023,1,67,1,1,61,1,3
2023,2,38,1,1,75,14,1
2023,1,26,2,2,,,
2023,1,38,1,1,61,1,3
2023,1,7,2,2,,,
2023,1,20,2,2,,,
2023,1,46,1,1,23,85,2
2023,1,3,2,1,,,
2023,2,9,2,2,,,
2023,2,10,2,2,,,
2023,2,15,2,2,,,
2023,2,45,2,2,,,
2023,1,32,1,1,61,1,3
2023,2,19,2,2,,,
2023,1,45,1,1,96,53,1
2023,1,18,2,2,,,
2023,2,12,2,2,,,
2023,2,2,2,1,,,
2023,1,5,2,2,,,
2023,1,10,2,2,,,
2023,1,41,2,1,,,
2023,2,9,2,2,,,
2023,2,91,2,2,,,
2023,2,4,2,1,,,
2023,1,19,2,2,,,
2023,1,13,2,2,,,
2023,2,65,1,1,91,96,0
2023,2,42,2,2,,,
2023,1,12,2,2,,,
2023,2,16,2,2,,,
2023,2,9,2,2,,,
2023,2,1,2,1,,,
2023,1,16,2,2,,,
2023,2,38,2,1,51,56,1
2023,1,25,1,1,23,85,1
2023,2,45,1,1,14,56,3
2023,1,19,2,2,,,
2023,1,53,2,1,33,68,1
2023,1,5,2,2,,,
2023,2,1,2,1,,,
2023,2,30,2,1,,,
2023,1,51,1,1,83,84,2
2023,1,9,2,2,,,
2023,2,29,1,1,73,32,1
2023,2,15,2,2,,,
2023,2,65,2,2,,,
2023,2,48,1,1,93,10,1
2023,2,58,1,1,14,55,3
2023,1,47,1,1,83,49,1
2023,1,47,1,1,82,26,1
2023,1,12,2,2,,,
2023,2,25,1,1,22,86,4
2023,1,48,1,1,54,80,1
2023,1,45,1,1,12,10,1
2023,1,14,2,2,,,
2023,2,9,2,2,,,
2023,1,73,1,1,92,1,1
2023,1,4,2,1,,,
2023,1,15,2,2,,,
2023,1,14,2,2,,,
2023,1,17,2,2,,,
2023,2,74,2,2,,,
2023,1,5,2,2,,,
2023,2,47,2,2,,,
2023,1,11,2,2,,,
2023,2,6,2,2,,,
2023,1,26,1,1,61,1,3
2023,1,42,1,1,75,10,1
2023,2,51,1,1,61,1,3
2023,2,24,1,1,95,47,3
2023,2,22,2,2,,,
2023,1,53,2,2,,,
2023,1,4,2,1,,,
2023,2,16,2,2,,,
2023,2,76,1,1,96,38,1
2023,1,0,2,1,,,
2023,1,68,1,1,11,84,2
2023,1,28,1,1,52,47,1
2023,1,7,2,2,,,
2023,2,57,1,1,61,1,3
2023,1,11,2,2,,,
2023,1,10,2,2,,,
2023,1,58,1,1,61,1,3
2023,2,52,1,1,52,35,2
2023,2,7,2,2,,,
2023,2,16,2,2,,,
2023,2,52,1,1,92,1,6
2023,2,0,2,1,,,
2023,2,38,1,1,23,85,1
2023,1,70,2,2,,,
2023,1,48,1,1,83,52,1
2023,1,37,1,1,92,1,1
2023,1,23,1,1,52,47,1
2023,1,0,2,1,,,
2023,2,7,2,2,,,
2023,2,73,2,2,,,
2023,2,22,2,2,,,
2023,1,20,2,2,,,
2023,2,50,1,1,61,1,3
2023,2,25,1,1,42,64,1
2023,2,2,2,1,,,
2023,2,32,2,2,,,
2023,2,50,1,1,23,85,2
2023,2,18,2,2,,,
2023,1,12,1,1,92,1,
2023,2,23,1,1,51,56,1
2023,2,15,2,2,,,
2023,2,25,1,1,52,47,3
2023,1,29,1,1,93,42,1
2023,2,10,2,2,,,
2023,1,8,2,2,,,
2023,2,71,2,2,,,
2023,1,65,2,2,,,
2023,2,31,1,1,93,47,6
2023,2,11,2,2,,,
2023,2,14,2,2,,,
2023,2,63,2,2,,,
2023,2,33,2,2,,,
2023,1,11,2,2,,,
2023,1,23,1,1,61,1,3
2023,2,33,1,1,93,47,6
2023,1,71,2,2,,,
2023,1,38,1,1,71,41,1
2023,1,15,2,2,,,
2023,1,23,2,2,,,
2023,2,52,2,1,,,
2023,2,38,1,1,52,47,3
2023,2,47,1,1,92,1,6
2023,2,48,2,2,,,
2023,2,2,2,1,,,
2023,2,67,1,1,73,16,1
2023,2,46,1,1,42,82,1
2023,1,44,1,1,83,49,3
2023,1,48,1,1,62,3,3
2023,2,12,2,2,,,
2023,1,36,1,1,51,96,0
2023,2,30,1,1,93,10,6
2023,1,18,2,2,,,
2023,2,14,2,2,,,
2023,2,42,2,2,,,
2023,2,0,2,1,,,
2023,2,17,2,2,,,
2023,1,11,2,2,,,
2023,2,22,1,1,51,93,1
2023,1,43,2,1,,,
2023,2,55,1,1,24,84,2
2023,1,12,2,2,,,
2023,2,34,1,1,91,96,0
2023,2,32,1,1,93,47,6
2023,2,4,2,1,,,
2023,2,28,1,1,91,96,0
2023,2,55,1,1,92,1,6
2023,1,54,1,1,83,49,1
2023,1,40,1,1,71,41,1
2023,1,43,1,1,61,1,3
2023,2,16,2,2,,,
2023,1,42,2,2,,,
2023,1,63,1,1,83,49,3
2023,2,30,2,2,,,
2023,1,56,1,1,73,31,1
2023,2,45,1,1,92,1,1
2023,1,23,1,1,35,82,1
2023,1,2,2,1,,,
2023,2,10,2,2,,,
2023,2,61,1,1,41,84,2
2023,2,43,1,1,91,96,0
2023,2,62,1,1,11,84,2
2023,2,24,1,1,41,78,1
